<!--
  realMethods Confidential
  
  2018 realMethods, Inc.
  All Rights Reserved.
  
  This file is subject to the terms and conditions defined in
  file 'license.txt', which is part of this source code package.
   
  Contributors :
        realMethods Inc - General Release
-->
<options name="application">
	<option name="name" value="demo" required="true" 
		description="app display name" type="input"/>
	<option name="description" value="" required="false"
		description="app description" type="input"/>
	<option name="author" value="" required="false"
		description="app's author" type="input"/>
	<option value="" required="" name="corporate logo URL"
		description="link to company logo" type="input"/>
	<option value="./img/turnstone.biologics.png" required="" name="application logo URL"
		description="link to app logo" type="input"/>
	<option value="Turnstone Biologics" required="true" modifiable="false" name="company name"
		description="your company name" type="input"/>
	<option value="1.0.0" required="true" name="version"
		description="app version" type="input"/>		
	<option name="package name" value="com.occulue" modifiable="false" required="true"
		description="package prefix to apply(com.xyz format)" type="input"/>
</options>
