<?xml version="1.0" encoding="UTF-8"?>

<!--
    Copyright (c) 2017 
   
    This file is part of cloudMigrate.
   
        cloudMigrate is free software: you can redistribute it and/or modify
        it under the terms of the GNU General Public License as published by
        the Free Software Foundation, either version 3 of the License, or
        (at your option) any later version.
   
        cloudMigrate is distributed in the hope that it will be useful,
        but WITHOUT ANY WARRANTY; without even the implied warranty of
        MERCHANTABILITY or FITNESS FOR A PARTICULAR PURPOSE.  See the
        GNU General Public License for more details.
   
        You should have received a copy of the GNU General Public License
        along with cloudMigrate.  If not, see <http://www.gnu.org/licenses/>.
        
    Contributors:
        cloudMigrate Inc - initial API and implementation
 -->

<beans xmlns="http://www.springframework.org/schema/beans"
    xmlns:xsi="http://www.w3.org/2001/XMLSchema-instance"
    xsi:schemaLocation="http://www.springframework.org/schema/beans
    http://www.springframework.org/schema/beans/spring-beans-3.0.xsd">
    
	<bean id="jspViewResolver" class="org.springframework.web.servlet.view.InternalResourceViewResolver">
    	<property name="viewClass" value="org.springframework.web.servlet.view.JstlView" />
     	<property name="prefix" value="/jsp/" />
     	<property name="viewNames" value="jsp/*" />
     	<property name="suffix" value=".jsp" />
	</bean>
	
	<!--  needed to engage any shutdown hooks 
	<context:component-scan base-package="${aib.getRootPackageName(true)}" />
	-->
</beans>
