#xmlHeader()

<options name="hibernate">
	<option name="connection.driver.class" 
		value="NHibernate.Driver.MySqlDataDriver"
		selections="NHibernate.Driver.MySqlDataDriver,NHibernate.Driver.SqlClientDriver"
		type="select" 	
		required="true">
	</option>
	<option name="connection.database" value="test" required="true"></option>
	<option name="connection.username" value="root" required="true"></option>
	<option name="connection.password" value="letmein2" required="true"></option>
	<option name="dialect" 
		value="NHibernate.Dialect.MySQLDialect" 
		selections="NHibernate.Dialect.MySQLDialect,NHibernate.Dialect.MsSql2008Dialect"
		type="select" 	
		required="true">
	</option>
</options>
