<!--
    Copyright (c) 2017 
   
    This file is part of cloudMigrate.
   
        cloudMigrate is free software: you can redistribute it and/or modify
        it under the terms of the GNU General Public License as published by
        the Free Software Foundation, either version 3 of the License, or
        (at your option) any later version.
   
        cloudMigrate is distributed in the hope that it will be useful,
        but WITHOUT ANY WARRANTY; without even the implied warranty of
        MERCHANTABILITY or FITNESS FOR A PARTICULAR PURPOSE.  See the
        GNU General Public License for more details.
   
        You should have received a copy of the GNU General Public License
        along with cloudMigrate.  If not, see <http://www.gnu.org/licenses/>.
        
    Contributors:
        cloudMigrate Inc - initial API and implementation
 -->
<!--XML file used to describe the runtime query handlers. 
*    data-sources : container of relevant data-source entities
*      name - optional and ignore
*      
*    data-source : the entity used to describe the source of data to query
*      name - unique name of the source of data
*      type - unique type given to distinguish this data-source from any other; NO WHITESPACE
*      delegateClassname - the name of the class that inherits from com.eureka.delegate.DatasourceBusinessDelegate
*                          and overloads the following methods
*                          1. public ISearchQueryResult query(ISearchQueryInput queryInput) throws ProcessingException
*                          2. public List<Field> getValidFields() throws ProcessingException
*                          3. public List<String> queryForAvailableFieldValues(ISearchQueryInput searchQueryInput)
*                          
*      fields : container of relevant field data entities for a given data-source
*        field - the entity used to describe a unique field of data required of the data-source to do its work.  this
*                likely includes connectivity parameters, configuration parameters, etc.. only has context for the 
*                data-source and likely the delegateClassName instance
*          name - unique name value of the field
*         displayName - the value to use when displaying the field
*         hideInList - whether to hide or show it when in a list/grid or not
-->          
                          
<data-sources name="distinct sources of data that can be queried and have schema"> 

	<data-source name="Thingworx" type="Thingworx" delegateClassName="com.eureka.delegate.ThingworxBusinessDelegate">
		<fields>
			<field name="name" displayName="Name" hideInList="false"/>
			<field name="appKey" displayName="Application Key" hideInList="false"/>
		</fields>
	</data-source>

	<data-source name="Salesforce" type="Salesforce" delegateClassName="com.eureka.delegate.SalesforceBusinessDelegate">
		<fields>
			<field name="name" displayName="Name" hideInList="false"/>		
			<field name="userId" displayName="User ID" hideInList="false"/>
			<field name="password" displayName="Password" hideInList="false"/>
			<field name="authEndPoint" displayName="Authentication End Point" hideInList="false"/>
		</fields>
	</data-source>

	<data-source name="SAP Hanna" type="SAPHanna" delegateClassName="com.eureka.delegate.SAPBusinessDelegate">
		<fields>
			<field name="name" displayName="Name" hideInList="false"/>				
			<field name="url" displayName="URL" hideInList="false"/>
			<field name="userId" displayName="User ID" hideInList="true"/>
			<field name="password" displayName="Password" hideInList="true"/>
			<field name="jdbcDriver" displayName="JDBC Driver" hideInList="false"/>
			<field name="databaseName" displayName="DB Name" hideInList="false"/>
			<field name="tableName" displayName="Table" hideInList="true"/>
		</fields>
	</data-source>

	<data-source name="Sharepoint" type="Sharepoint" delegateClassName="com.eureka.delegate.SharepointBusinessDelegate">
		<fields>
			<field name="name" displayName="Name" hideInList="false"/>		
			<field name="url" displayName="URL" hideInList="false"/>
		</fields>
	</data-source>

	<data-source name="Dropbox" type="Dropbox" delegateClassName="com.eureka.delegate.DropboxBusinessDelegate">
		<fields>
			<field name="name" displayName="Name" hideInList="false"/>		
			<field name="apiKey" default="5829wbt404vevwj" displayName="apiKey" hideInList="false"/>
			<field name="appSecret" default="bj77icvzacd2em3" displayName="Parser Type" hideInList="false"/>
			<field name="regAppName" default="eureka_search" displayName="Registered App Name" hideInList="false"/>
		</fields>
	</data-source>

	<data-source name="Apache Solr" 
		type="ApacheSolr" 
		delegateClassName="com.eureka.delegate.ApacheSolrBusinessDelegate">
		<fields>
			<field name="name" displayName="Name" hideInList="false"/>		
			<field name="url" displayName="URL" hideInList="false"/>
			<field name="defType" displayName="Parser Type" default="lucene" hideInList="false"/>
		</fields>
	</data-source>

	<data-source name="Google Search Appliance" type="GSA" delegateClassName="com.eureka.delegate.GSABusinessDelegate">
		<fields>
			<field name="name" displayName="Name" hideInList="false"/>				
			<field name="protocol" displayName="Protocol" default="http" hideInList="false"/>
			<field name="hostname" displayName="Host Name" hideInList="false"/>
			<field name="port" displayName="Port" default="80" hideInList="false"/>
			<field name="path" displayName="Path" default="/search" hideInList="false"/>
			<field name="collection" displayName="Collection" default="default_collection" hideInList="false"/>
			<field name="userId" displayName="User ID" hideInList="true"/>
			<field name="password" displayName="Password" hideInList="true"/>
		</fields>
	</data-source>
	
	<data-source name="Google Custom Search" type="GCS" delegateClassName="com.eureka.delegate.GCSBusinessDelegate">
		<fields>
			<field name="name" displayName="Name" hideInList="false"/>				
			<field name="googleAPIKey" displayName="Google API Key" hideInList="false"/>
			<field name="googleEngineId" displayName="Google Engine Id" hideInList="false"/>
		</fields>
	</data-source>
		
	<data-source name="Google Drive" type="GoogleDrive" delegateClassName="com.eureka.delegate.GoogleDriveBusinessDelegate">
		<fields>
			<field name="name" displayName="Name" hideInList="false"/>	
			<field name="clientId" default="100190932820-3gv1ft5k8ff13jafu5kh9m58qcgnf4hh.apps.googleusercontent.com" displayName="Client ID" hideInList="false"/>
			<field name="apiKey" default="exTieq1KVXND3kIsMFS0YWwo" displayName="API Key" hideInList="false"/>
			<field name="scopes" default="https://www.googleapis.com/auth/drive.file" displayName="Google Scopes" hideInList="false"/>
		</fields>
	</data-source>
	
	<data-source name="Relational DB" type="RelationalDB" delegateClassName="com.eureka.delegate.RelationalDBBusinessDelegate">
		<fields>
			<field name="name" displayName="Name" hideInList="false"/>				
			<field name="url" displayName="URL" hideInList="false"/>
			<field name="userId" displayName="User ID" hideInList="true"/>
			<field name="password" displayName="Password" hideInList="true"/>
			<field name="jdbcDriver" displayName="JDBC Driver" hideInList="false"/>
			<field name="databaseName" displayName="DB Name" hideInList="false"/>
			<field name="tableName" displayName="Table" hideInList="true"/>
		</fields>
	</data-source>

	<data-source name="Hadoop" type="Hadoop" delegateClassName="com.eureka.delegate.HadoopBusinessDelegate">
		<fields>
			<field name="name" displayName="Name" hideInList="false"/>				
			<field name="url" displayName="URL" hideInList="false"/>
			<field name="userId" displayName="User ID" hideInList="true"/>
			<field name="password" displayName="Password" hideInList="true"/>
			<field name="jdbcDriver" displayName="JDBC Driver" hideInList="false"/>
			<field name="databaseName" displayName="DB Name" hideInList="false"/>
			<field name="tableName" displayName="Table" hideInList="true"/>
		</fields>
	</data-source>

	<data-source name="Amazon Cloud Search" type="AWSCloudSearch" delegateClassName="com.eureka.delegate.AmazonCloudSearchBusinessDelegate">
		<fields>
			<field name="name" displayName="Name" hideInList="false"/>				
			<field name="domainName" displayName="Domain" hideInList="false"/>
			<field name="searchEndPoint" displayName="Search End Pt" hideInList="false"/>
			<field name="documentEndPoint" displayName="Doc End Pt" hideInList="false"/>
			<field name="apiVersion" displayName="API Version" default="2011-02-01" hideInList="false"/>
			<field name="region" displayName="region" hideInList="false"/>
			<field name="accessKey" displayName="Access Key" hideInList="true"/>
			<field name="securityKey" displayName="Security Key" hideInList="true"/>
		</fields>
	</data-source>

	<data-source name="Elastic Search" type="ElasticSearch" delegateClassName="com.eureka.delegate.ElasticSearchBusinessDelegate">
		<fields>
			<field name="name" displayName="name" hideInList="false"/>				
			<field name="url" displayName="URL" hideInList="false"/>
			<field name="clusterName" displayName="Cluster" hideInList="false"/>
			<field name="elasticSearchIndex" displayName="Index" hideInList="false"/>
			<field name="elasticSearchType" displayName="Type" hideInList="false"/>
		</fields>
	</data-source>
		
</data-sources>
