
<!--
    Copyright (c) 2017 
   
    This file is part of cloudMigrate.
   
        cloudMigrate is free software: you can redistribute it and/or modify
        it under the terms of the GNU General Public License as published by
        the Free Software Foundation, either version 3 of the License, or
        (at your option) any later version.
   
        cloudMigrate is distributed in the hope that it will be useful,
        but WITHOUT ANY WARRANTY; without even the implied warranty of
        MERCHANTABILITY or FITNESS FOR A PARTICULAR PURPOSE.  See the
        GNU General Public License for more details.
   
        You should have received a copy of the GNU General Public License
        along with cloudMigrate.  If not, see <http://www.gnu.org/licenses/>.
        
    Contributors:
        cloudMigrate Inc - initial API and implementation
 -->
#if ( $aib.usingJDO() == true )
<?xml version="1.0" encoding="utf-8"?>
<jdoconfig xmlns="http://java.sun.com/xml/ns/jdo/jdoconfig"
    xmlns:xsi="http://www.w3.org/2001/XMLSchema-instance"
    xsi:noNamespaceSchemaLocation="http://java.sun.com/xml/ns/jdo/jdoconfig">
<!-- Do Not Change the persistence-manager-factory...needed by the rM Framework to automagically start JDO -->
    <persistence-manager-factory name="transactions-optional">
        <property name="javax.jdo.PersistenceManagerFactoryClass"
            value="org.datanucleus.store.appengine.jdo.DatastoreJDOPersistenceManagerFactory"/>
        <property name="javax.jdo.option.ConnectionURL" value="appengine"/>
        <property name="javax.jdo.option.NontransactionalRead" value="true"/>
        <property name="javax.jdo.option.NontransactionalWrite" value="true"/>
        <property name="javax.jdo.option.RetainValues" value="true"/>
        <property name="datanucleus.appengine.autoCreateDatastoreTxns" value="true"/>
		<property name="datanucleus.appengine.allowMultipleRelationsOfSameType" value="true" /> 
    </persistence-manager-factory>
</jdoconfig>
#elseif ( $aib.usingJPA() == true )	
<?xml version="1.0" encoding="UTF-8" ?> 
<persistence xmlns="http://java.sun.com/xml/ns/persistence" 
    xmlns:xsi="http://www.w3.org/2001/XMLSchema-instance" 
    xsi:schemaLocation="http://java.sun.com/xml/ns/persistence 
        http://java.sun.com/xml/ns/persistence/persistence_1_0.xsd" version="1.0"> 
		
 <!-- Do Not Change the persistence-unit name...needed by the rM Framework to automagically start JPA -->
    <persistence-unit name="transactions-optional"> 
        <provider>org.datanucleus.store.appengine.jpa.DatastorePersistenceProvider</provider> 
        <properties> 
            <property name="datanucleus.NontransactionalRead" value="true"/> 
            <property name="datanucleus.NontransactionalWrite" value="true"/> 
            <property name="datanucleus.ConnectionURL" value="appengine"/> 
        </properties> 
    </persistence-unit> 
</persistence>
#end