<!--
  realMethods Confidential
  
  2018 realMethods, Inc.
  All Rights Reserved.
  
  This file is subject to the terms and conditions defined in
  file 'license.txt', which is part of this source code package.
   
  Contributors :
        realMethods Inc - General Release
-->
<options name="hibernate" maxPerRow="2">
	<option name="hibernate.connection.driver.class" 
		value="com.mysql.jdbc.Driver"
		selections="com.mysql.jdbc.Driver,COM.ibm.db2.jdbc.app.DB2Driver,Com.ibm.as400.access.AS400JDBCDriver,
			com.ibm.as400.access.OS390JDBCDriver,org.postgresql.Driver,
			oracle.jdbc.driver.OracleDriver,
			oracle.jdbc.driver.OracleDriver,com.sybase.jdbc.SybDriver,
			com.sybase.jdbc3.jdbc.SybDriver,com.microsoft.jdbc.sqlserver.SQLServerDriver,
			com.sap.dbtech.jdbc.DriverSapDB,com.informix.jdbc.IfxDriver,
			org.hsql.jdbcDriver,ingres,
			com.progress.sql.JdbcProgressDriver,com.mckoi.JDBCDriver,
			interbase.interclient.Driver,com.pointbase.jdbc.jdbcUniversalDriver,
			com.frontbase.jdbc.FBJDriver,org.firebirdsql.jdbc.FBDriver"
		type="select" 	
		required="true">
	</option>
	<option name="hibernate.connection.username" value="root" required="true"></option>
	<option name="hibernate.connection.password" value="letmein2" required="true"></option>
	<option name="hibernate.dialect" 
		value="org.hibernate.dialect.MySQL8Dialect" 
		selections="org.hibernate.dialect.MySQL8Dialect,org.hibernate.dialect.DB2Dialect,org.hibernate.dialect.DB2400Dialect,org.hibernate.dialect.DB2390Dialect,
				org.hibernate.dialect.PostgreSQLDialect,org.hibernate.dialect.OracleDialect,
				org.hibernate.dialect.Oracle9Dialect,org.hibernate.dialect.SybaseDialect,org.hibernate.dialect.SybaseAnywhereDialect,
				org.hibernate.dialect.SQLServerDialect,org.hibernate.dialect.SAPDBDialect,org.hibernate.dialect.InformixDialect,
				org.hibernate.dialect.HSQLDialect,org.hibernate.dialect.IngresDialect,org.hibernate.dialect.ProgressDialect,
				org.hibernate.dialect.MckoiDialect,org.hibernate.dialect.InterbaseDialect,org.hibernate.dialect.PointbaseDialect,
				org.hibernate.dialect.FrontbaseDialect,org.hibernate.dialect.FirebirdDialect"
		type="select" 	
		required="true">
	</option>
	<option name="hibernate.max.fetch.depth" value="1" min="1" max="5" step="1" type="spinner"></option>
	<option name="hibernate.connection.url" value="jdbc:mysql://localhost:3306/cloudMigrate?createDatabaseIfNotExist=true"></option>
</options>
